,super_cluster,gene_names
0,0,ABCF2
0,0,ABT1
0,0,ACAD11
0,0,ACBD5
0,0,ACIN1
0,0,ACP2
0,0,ACTN4
0,0,ACTR10
0,0,ACTR1A
0,0,ACTR2
0,0,ACTR3
0,0,ADAM22
0,0,ADAM9
0,0,ADNP
0,0,ADRM1
0,0,AFTPH
0,0,AGGF1
0,0,AGK
0,0,AHCTF1
0,0,AIF1L
0,0,AKAP7
0,0,AKAP8L
0,0,AKIRIN1
0,0,AKIRIN2
0,0,AKT1S1
0,0,ALDH18A1
0,0,ALYREF
0,0,AMBRA1
0,0,AMOTL1
0,0,ANKRD11
0,0,ANKRD17
0,0,ANKRD20A1;ANKRD20A2;ANKRD20A3;ANKRD20A4;ANKRD20A8P
0,0,ANKRD46
0,0,ANKZF1
0,0,AP1AR
0,0,AP1B1
0,0,AP1M1
0,0,AP1S1
0,0,APBB1
0,0,APOBEC3C
0,0,APPL1
0,0,APTX
0,0,AQR
0,0,ARAF
0,0,ARHGDIA
0,0,ARID4A
0,0,ARID5B
0,0,ARL2
0,0,ARL2-SNX15;ARL2
0,0,ARL6IP4
0,0,ARMCX5
0,0,ARPC1A
0,0,ARPC1B
0,0,ARPC3
0,0,ARPC4-TTLL3;ARPC4
0,0,ARPC5
0,0,ARPC5L
0,0,ASCC1
0,0,ASCC2
0,0,ASCC3
0,0,ASH2L
0,0,ASPH
0,0,ASUN
0,0,ATAD2
0,0,ATAD2B
0,0,ATG14
0,0,ATG7
0,0,ATIC
0,0,ATMIN
0,0,ATP2A2
0,0,ATRN
0,0,ATRX
0,0,ATXN2
0,0,AUP1
0,0,AVEN
0,0,B4GAT1
0,0,BACH1
0,0,BAHD1
0,0,BARD1
0,0,BAZ1A
0,0,BAZ1B
0,0,BCAS2
0,0,BCL11A
0,0,BCLAF1
0,0,BECN1
0,0,BEND3
0,0,BICD2
0,0,BOP1
0,0,BPTF
0,0,BRD1
0,0,BRD1;BRPF3
0,0,BRI3BP
0,0,BRIX1
0,0,BRPF1
0,0,BRPF3
0,0,BTF3L4
0,0,BUB1
0,0,BUD13
0,0,BUD31
0,0,BZW2
0,0,C7ORF50
0,0,CALM2;CALM1;CALM3
0,0,CALU
0,0,CAMSAP3
0,0,CANX
0,0,CAP2
0,0,CAPRIN1
0,0,CAPZA1
0,0,CAPZA2
0,0,CAPZB
0,0,CASC3
0,0,CASC4
0,0,CASZ1
0,0,CBX1
0,0,CBX2
0,0,CBX3
0,0,CBX5
0,0,CBX8
0,0,CCDC12
0,0,CCDC124
0,0,CCDC167
0,0,CCDC47
0,0,CCDC53
0,0,CCDC59
0,0,CCDC66
0,0,CCDC71
0,0,CCDC86
0,0,CCSER2
0,0,CDC123
0,0,CDC40
0,0,CDC5L
0,0,CDC73
0,0,CDK5RAP2
0,0,CDK5RAP3
0,0,CDYL
0,0,CECR2
0,0,CENPE
0,0,CENPF
0,0,CENPJ
0,0,CEP131
0,0,CEP170
0,0,CEP97
0,0,CEPT1
0,0,CERS2
0,0,CHAF1A
0,0,CHAMP1
0,0,CHD1L
0,0,CHD7
0,0,CHRAC1
0,0,CHTOP
0,0,CHURC1;CHURC1-FNTB
0,0,CISD2
0,0,CIZ1
0,0,CKAP2
0,0,CKAP5
0,0,CKMT1A;CKMT1B
0,0,CLASP1
0,0,CLCC1
0,0,CLEC16A
0,0,CLGN
0,0,CLINT1
0,0,CLIP2
0,0,CLK2
0,0,CLNS1A
0,0,CLPB
0,0,CLPTM1L
0,0,CLTA
0,0,CLTB
0,0,CLTC
0,0,CLTCL1
0,0,CMAS
0,0,CMSS1
0,0,CMTR2
0,0,CNOT1
0,0,CNOT10
0,0,CNOT11
0,0,CNOT2
0,0,COG3
0,0,COMMD3-BMI1;BMI1
0,0,COMT
0,0,COPA
0,0,COPE
0,0,COPRS
0,0,COPS3
0,0,COPS6
0,0,COPS7A
0,0,COPZ1
0,0,CORO1B
0,0,CORO1C
0,0,COX4I1
0,0,CPSF1
0,0,CPSF2
0,0,CPSF3
0,0,CPSF6
0,0,CPSF7
0,0,CRNKL1
0,0,CRTAP
0,0,CSE1L
0,0,CSNK2A1;CSNK2A3
0,0,CSNK2B
0,0,CSNK2B;CSNK2B-LY6G5B-1181
0,0,CSTF1
0,0,CSTF2
0,0,CSTF3
0,0,CT45A3;CT45A1;CT45A2;CT45A9;CT45A8;CT45A7;CT45A10;CT45A5;CT45A6
0,0,CTC1
0,0,CTCF
0,0,CTDSPL2
0,0,CTNNBL1
0,0,CTR9
0,0,CTSV
0,0,CUL3
0,0,CUL4A
0,0,CUL4B
0,0,CWC15
0,0,CWC22
0,0,CYP20A1
0,0,DAD1
0,0,DAP
0,0,DAP3
0,0,DAPK3
0,0,DARS
0,0,DBNL
0,0,DCAF12
0,0,DCAF7
0,0,DCP1A
0,0,DCP2
0,0,DCTN2
0,0,DCTN3
0,0,DCTN4
0,0,DCTN5
0,0,DCTN6
0,0,DDA1
0,0,DDB1
0,0,DDB2
0,0,DDOST
0,0,DDRGK1
0,0,DDX1
0,0,DDX17
0,0,DDX18
0,0,DDX20
0,0,DDX23
0,0,DDX39A
0,0,DDX3X
0,0,DDX41
0,0,DDX42
0,0,DDX47
0,0,DDX50
0,0,DDX54
0,0,DEPDC1
0,0,DERL1
0,0,DERL2
0,0,DHX16
0,0,DHX29
0,0,DHX30
0,0,DHX57
0,0,DHX8
0,0,DHX9
0,0,DIABLO
0,0,DIDO1
0,0,DIMT1
0,0,DLG1
0,0,DLG5
0,0,DNA2
0,0,DNAJC13
0,0,DNAJC16
0,0,DNTTIP2
0,0,DOCK11
0,0,DOCK9
0,0,DPY19L4
0,0,DSG2
0,0,DYNC1I2
0,0,DYNC1LI2
0,0,DYNC2H1
0,0,DYNLL1
0,0,DYNLL1;DYNLL2
0,0,DYNLL2
0,0,DYNLRB1
0,0,DYNLT3
0,0,DYRK1A
0,0,EBNA1BP2
0,0,ECPAS
0,0,EDC3
0,0,EDC4
0,0,EED
0,0,EEF2
0,0,EHMT1
0,0,EHMT2
0,0,EI24
0,0,EIF1
0,0,EIF1B
0,0,EIF2AK3
0,0,EIF2B1
0,0,EIF2B2
0,0,EIF2B3
0,0,EIF2S1
0,0,EIF2S2
0,0,EIF2S3
0,0,EIF2S3;EIF2S3L
0,0,EIF3A
0,0,EIF3B
0,0,EIF3C
0,0,EIF3CL
0,0,EIF3D
0,0,EIF3E
0,0,EIF3G
0,0,EIF3H
0,0,EIF3I
0,0,EIF3J
0,0,EIF3K
0,0,EIF3L
0,0,EIF3M
0,0,EIF4B
0,0,EIF4G1
0,0,EIF5
0,0,EIF6
0,0,ELAVL1
0,0,ELAVL2
0,0,ELOVL5
0,0,EMC1
0,0,EMC10
0,0,EMC2
0,0,EMC3
0,0,EMC4
0,0,EMC6
0,0,EMC7
0,0,EMD
0,0,EML3
0,0,EPB41
0,0,EPB41L2
0,0,EPB41L5
0,0,EPN1
0,0,EPN2
0,0,EPRS
0,0,EPT1
0,0,ERC1
0,0,ERGIC3
0,0,ERH
0,0,ERI1
0,0,ERICH1
0,0,ESF1
0,0,ESYT2
0,0,EXOSC3
0,0,EXOSC4
0,0,EXOSC9
0,0,EZH2
0,0,FAF2
0,0,FAM117A
0,0,FAM117B
0,0,FAM120A
0,0,FAM208A
0,0,FAM213A
0,0,FAM21A
0,0,FAM21C
0,0,FAM3C
0,0,FAM46D
0,0,FAM60A
0,0,FAM73B
0,0,FAM83D
0,0,FAM83G
0,0,FAM91A1
0,0,FAM98A
0,0,FARP2
0,0,FASTKD2
0,0,FAU
0,0,FBXO28
0,0,FBXO30
0,0,FIG4
0,0,FKBP15
0,0,FKBP5
0,0,FLII
0,0,FLNA
0,0,FLNB
0,0,FMR1
0,0,FN3KRP
0,0,FOCAD
0,0,FTSJ3
0,0,FUS
0,0,FXR2
0,0,G3BP1
0,0,G3BP2
0,0,GANAB
0,0,GCC2
0,0,GEMIN2
0,0,GEMIN5
0,0,GEMIN6
0,0,GEMIN8
0,0,GIGYF2
0,0,GLA
0,0,GLG1
0,0,GLO1
0,0,GLUD1;GLUD2
0,0,GLYR1
0,0,GNB2L1
0,0,GNG5
0,0,GNL2
0,0,GOLGB1
0,0,GPATCH11
0,0,GPATCH2
0,0,GPI
0,0,GPR137
0,0,GPRASP2
0,0,GPX8
0,0,GSE1
0,0,GTF3C1
0,0,GTF3C4
0,0,GTPBP4
0,0,GTSE1
0,0,H1F0
0,0,H2AFY
0,0,H2AFZ
0,0,H2AFZ;H2AFV
0,0,HDAC1
0,0,HDAC2
0,0,HDLBP
0,0,HERC2
0,0,HEXB
0,0,HIP1
0,0,HIP1R
0,0,HIRA
0,0,HIRIP3
0,0,HIST1H1C
0,0,HIST1H1D
0,0,HIST1H2AC
0,0,HIST1H2AD
0,0,HIST1H2BL
0,0,HIST1H2BN;HIST1H2BM;HIST1H2BH;HIST2H2BF;HIST1H2BC;HIST1H2BD;HIST1H2BK;H2BFS
0,0,HIST1H4A
0,0,HIST2H2AB
0,0,HIST2H2AC;HIST2H2AA3
0,0,HIST2H2BE
0,0,HIST2H3A
0,0,HIST3H2BB
0,0,HLTF
0,0,HMG20B
0,0,HMGA1
0,0,HMGB2
0,0,HMGN2
0,0,HMGN5
0,0,HMGXB4
0,0,HMMR
0,0,HMOX2
0,0,HN1
0,0,HNRNPA0
0,0,HNRNPA1;HNRNPA1L2
0,0,HNRNPA3
0,0,HNRNPAB
0,0,HNRNPC
0,0,HNRNPC;HNRNPCL3;HNRNPCL2;HNRNPCL1;HNRNPCL4
0,0,HNRNPDL
0,0,HNRNPF
0,0,HNRNPL
0,0,HNRNPM
0,0,HNRNPR
0,0,HNRNPUL1
0,0,HNRNPUL2-BSCL2;HNRNPUL2
0,0,HOOK3
0,0,HOXA13
0,0,HOXB6
0,0,HP1BP3
0,0,HPCAL1;HPCA;NCALD
0,0,HS2ST1
0,0,HSP90AA1
0,0,HSP90AB1
0,0,HSP90AB2P
0,0,HSPA13
0,0,HSPA9
0,0,HTATSF1
0,0,IBTK
0,0,IFFO1
0,0,IFFO2
0,0,IGF2BP2
0,0,ILF2
0,0,INF2
0,0,ING4
0,0,ING5
0,0,ING5;ING4
0,0,IP6K1
0,0,IPO9
0,0,ISG20L2
0,0,ISY1
0,0,ITCH
0,0,ITM2C
0,0,ITPR1
0,0,ITPRIPL1
0,0,IWS1
0,0,JADE1
0,0,JADE3
0,0,JAGN1
0,0,JAKMIP1
0,0,JMJD1C
0,0,JPH1
0,0,JUP
0,0,KANK1
0,0,KANK2
0,0,KARS
0,0,KAT6A;MYST3
0,0,KAT7
0,0,KAT8
0,0,KDM1A
0,0,KDM1B
0,0,KDM2A
0,0,KDM3A
0,0,KDM3B
0,0,KDM5B
0,0,KDM6B
0,0,KHDRBS1
0,0,KIAA0020
0,0,KIAA0196
0,0,KIAA0368
0,0,KIAA1033
0,0,KIAA1468
0,0,KIAA1524
0,0,KIF18B
0,0,KIF20A
0,0,KIF21B
0,0,KIF22
0,0,KIF23
0,0,KIF2A
0,0,KIF5A
0,0,KIF5B
0,0,KIF5C
0,0,KIN
0,0,KLC1
0,0,KLC2
0,0,KLC3
0,0,KLC4
0,0,KLHL8
0,0,KMT2A
0,0,KMT2C
0,0,KRI1
0,0,KRTCAP2
0,0,KSR1
0,0,L1RE1
0,0,L3MBTL3
0,0,LAMP1
0,0,LARP4B
0,0,LARS
0,0,LCA5
0,0,LCOR
0,0,LEMD3
0,0,LENG8
0,0,LEO1
0,0,LEPRE1
0,0,LEPREL4
0,0,LGALS3BP
0,0,LIG3
0,0,LIN52
0,0,LIN54
0,0,LLPH
0,0,LMAN2L
0,0,LMNB1
0,0,LMO7
0,0,LONP1
0,0,LRPAP1
0,0,LRPPRC
0,0,LRRC59
0,0,LRRC8E
0,0,LSG1
0,0,LSM11
0,0,LSM12
0,0,LSM2
0,0,LSM4
0,0,LSM5
0,0,LSM6
0,0,LUZP1
0,0,LYAR
0,0,MACF1
0,0,MAGEB2
0,0,MAGOHB
0,0,MAGT1
0,0,MAN1A1
0,0,MAN1A2
0,0,MANBAL
0,0,MAP2K1
0,0,MAP2K2
0,0,MAP4
0,0,MAP7D1
0,0,MAPK7
0,0,MAPKAP1
0,0,MAPKBP1
0,0,MAPRE1
0,0,MAPRE2
0,0,MAST2
0,0,MAT2A
0,0,MBD2
0,0,MBD3
0,0,MBIP
0,0,MCFD2
0,0,MCM10
0,0,MCM2
0,0,MCM4
0,0,MCM5
0,0,MCM6
0,0,MCM7
0,0,MDC1
0,0,MEAF6
0,0,MECOM
0,0,MELK
0,0,MEN1
0,0,METAP2
0,0,METTL7A
0,0,MFAP1
0,0,MGRN1
0,0,MIER1
0,0,MIER3
0,0,MINA
0,0,MLEC
0,0,MLK4
0,0,MLLT10
0,0,MMS22L
0,0,MNDA
0,0,MOGS
0,0,MORC3
0,0,MOSPD2
0,0,MOV10
0,0,MPHOSPH8
0,0,MPHOSPH9
0,0,MRPL24
0,0,MRPL41
0,0,MRPL47
0,0,MRPS18B
0,0,MRPS26
0,0,MRPS27
0,0,MRPS30
0,0,MRPS31
0,0,MRPS34
0,0,MRPS35
0,0,MSL1
0,0,MSMO1
0,0,MTA3
0,0,MTBP
0,0,MTDH
0,0,MTF2
0,0,MTHFD1
0,0,MTHFD1L
0,0,MTPAP
0,0,MTPN
0,0,MXRA7
0,0,MYBBP1A
0,0,MYBL2
0,0,MYCBP2
0,0,MYH10
0,0,MYO5A
0,0,N4BP2
0,0,N4BP2L2
0,0,NAA40
0,0,NABP2
0,0,NAGA
0,0,NAP1L1
0,0,NAT10
0,0,NAV1
0,0,NBN
0,0,NCAPG2
0,0,NCBP2
0,0,NCK1
0,0,NCLN
0,0,NDE1
0,0,NDEL1
0,0,NDUFA3
0,0,NDUFA5
0,0,NECAP1
0,0,NEIL3
0,0,NEK4
0,0,NEK9
0,0,NEURL4
0,0,NFX1
0,0,NFXL1
0,0,NHLRC3
0,0,NIFK
0,0,NIN
0,0,NIP7
0,0,NKAP
0,0,NKRF
0,0,NKTR
0,0,NMT1
0,0,NOB1
0,0,NOC2L
0,0,NOMO3
0,0,NOMO3;NOMO1;NOMO2
0,0,NONO
0,0,NOP16
0,0,NOP2
0,0,NPC1
0,0,NPM1
0,0,NPM3
0,0,NSD1
0,0,NSG1
0,0,NSUN2
0,0,NTHL1
0,0,NUCKS1
0,0,NUDCD2
0,0,NUFIP2
0,0,NUMA1
0,0,NUP107
0,0,NUP133
0,0,NUP155
0,0,NUP188
0,0,NUP205
0,0,NUP214
0,0,NUP50
0,0,NUP62
0,0,NUP85
0,0,NUP93
0,0,NUP98
0,0,NUPL1
0,0,NUPL2
0,0,NUSAP1
0,0,NUTF2
0,0,NYNRIN
0,0,OBSL1
0,0,ODR4
0,0,OFD1
0,0,OPTN
0,0,OSBPL10
0,0,OSBPL11
0,0,OSBPL3
0,0,OSBPL8
0,0,OSBPL9
0,0,OST4
0,0,OSTC
0,0,PAAF1
0,0,PABPN1
0,0,PACRGL
0,0,PAF1
0,0,PAFAH1B1
0,0,PARD3B
0,0,PARP1
0,0,PARP16
0,0,PARP2
0,0,PAXBP1
0,0,PBK
0,0,PBRM1
0,0,PCM1
0,0,PCNP
0,0,PCNT
0,0,PDCD11
0,0,PDCD2
0,0,PDCD4
0,0,PDE4DIP
0,0,PDIA4
0,0,PDZRN3
0,0,PEO1
0,0,PFDN4
0,0,PFDN6
0,0,PGM1
0,0,PHF2
0,0,PHF21A
0,0,PHF3
0,0,PHF5A
0,0,PHF8
0,0,PHIP
0,0,PI4KA;PI4KAP1
0,0,PIAS1
0,0,PIGG
0,0,PIGK
0,0,PIGS
0,0,PIGT
0,0,PIK3R4
0,0,PIKFYVE
0,0,PITPNM1
0,0,PKN2
0,0,PLA2G4A
0,0,PLEKHA3
0,0,PLEKHH2
0,0,PLRG1
0,0,PMVK
0,0,PNKP
0,0,PNN
0,0,PNO1
0,0,POGZ
0,0,POLB
0,0,POLD1
0,0,POLE
0,0,POLE3
0,0,POLR1D
0,0,POLRMT
0,0,POMGNT2
0,0,POMP
0,0,PON2
0,0,POP1
0,0,POR
0,0,PPAN;PPAN-P2RY11
0,0,PPFIBP1
0,0,PPHLN1
0,0,PPIA
0,0,PPIE
0,0,PPIG
0,0,PPIH
0,0,PPIL1
0,0,PPP1CA;PPP1CB
0,0,PPP1CB
0,0,PPP1CC
0,0,PPP1R10
0,0,PPP1R8
0,0,PPP1R9A
0,0,PPP2R5C
0,0,PPP5C
0,0,PPWD1
0,0,PQBP1
0,0,PRDM2
0,0,PREB
0,0,PRKACA
0,0,PRKAR2B
0,0,PRKDC
0,0,PRKRA
0,0,PRMT5
0,0,PRPF19
0,0,PRPF3
0,0,PRPF31
0,0,PRPF4
0,0,PRPF4B
0,0,PRPF6
0,0,PRPF8
0,0,PRPS1
0,0,PRPS2
0,0,PRPSAP2
0,0,PRRC2A
0,0,PRRC2B
0,0,PRRC2C
0,0,PSAP
0,0,PSAT1
0,0,PSIP1
0,0,PSMA1
0,0,PSMA2
0,0,PSMA3
0,0,PSMA4
0,0,PSMA5
0,0,PSMA6
0,0,PSMA7
0,0,PSMB1
0,0,PSMB2
0,0,PSMB4
0,0,PSMB5
0,0,PSMB6
0,0,PSMB7
0,0,PSMC1
0,0,PSMC2
0,0,PSMC3
0,0,PSMC4
0,0,PSMC6
0,0,PSMD1
0,0,PSMD10
0,0,PSMD11
0,0,PSMD12
0,0,PSMD13
0,0,PSMD14
0,0,PSMD2
0,0,PSMD3
0,0,PSMD4
0,0,PSMD4;PIPSL
0,0,PSMD6
0,0,PSMD7
0,0,PSMD8
0,0,PSME1
0,0,PSME2
0,0,PSME4
0,0,PSMF1
0,0,PSMG1
0,0,PSMG2
0,0,PSMG3
0,0,PSMG4
0,0,PSPC1
0,0,PTCD3
0,0,PTGES3
0,0,PTPN12
0,0,PTRH2
0,0,PUM2
0,0,PXN
0,0,PYGL
0,0,QARS
0,0,QSER1
0,0,RAB11A;RAB11B
0,0,RAB3GAP1
0,0,RAB3GAP2
0,0,RAB3IP
0,0,RAB5C;RAB5B;DIRAS1;DIRAS2;RAB5A
0,0,RABEP1
0,0,RABGEF1
0,0,RABL3
0,0,RAC1
0,0,RAE1
0,0,RALY
0,0,RAN
0,0,RARS
0,0,RASSF1
0,0,RBBP6
0,0,RBM14
0,0,RBM15
0,0,RBM17
0,0,RBM22
0,0,RBM26
0,0,RBM28
0,0,RBM33
0,0,RBM34
0,0,RBM39
0,0,RBM42
0,0,RBM6
0,0,RBM8A
0,0,RBMX
0,0,RBMX;RBMXL2
0,0,RBX1
0,0,RCOR1
0,0,RCOR2
0,0,RCOR3
0,0,RECQL
0,0,RETSAT
0,0,RFC1
0,0,RGPD3;RGPD4
0,0,RHOG
0,0,RICTOR
0,0,RIF1
0,0,RING1
0,0,RIOK3
0,0,RLF
0,0,RMDN1
0,0,RMDN2
0,0,RNF214
0,0,RNMTL1
0,0,RNPC3
0,0,RNPS1
0,0,RPAP3
0,0,RPF2
0,0,RPL10
0,0,RPL10A
0,0,RPL11
0,0,RPL12
0,0,RPL13
0,0,RPL15
0,0,RPL18
0,0,RPL18A
0,0,RPL19
0,0,RPL21
0,0,RPL23
0,0,RPL23A
0,0,RPL24
0,0,RPL26;RPL26L1
0,0,RPL26L1;RPL26
0,0,RPL27
0,0,RPL27A
0,0,RPL28
0,0,RPL29
0,0,RPL3
0,0,RPL30
0,0,RPL31
0,0,RPL34
0,0,RPL35
0,0,RPL35A
0,0,RPL36
0,0,RPL36A;RPL36A-HNRNPH2;RPL36AL
0,0,RPL36AL;RPL36A;RPL36A-HNRNPH2
0,0,RPL39P5;RPL39
0,0,RPL4
0,0,RPL5
0,0,RPL6
0,0,RPL7
0,0,RPL7A
0,0,RPL7L1
0,0,RPL8
0,0,RPL9
0,0,RPLP0;RPLP0P6
0,0,RPLP1
0,0,RPLP2
0,0,RPN1
0,0,RPN2
0,0,RPRD1B
0,0,RPRD1B;RPRD1A
0,0,RPRD2
0,0,RPS10;RPS10-NUDT3
0,0,RPS11
0,0,RPS13
0,0,RPS14
0,0,RPS15
0,0,RPS15A
0,0,RPS16
0,0,RPS17
0,0,RPS18
0,0,RPS19
0,0,RPS2
0,0,RPS20
0,0,RPS21
0,0,RPS24
0,0,RPS25
0,0,RPS26
0,0,RPS27
0,0,RPS27;RPS27L
0,0,RPS27A
0,0,RPS27L
0,0,RPS28
0,0,RPS29
0,0,RPS3
0,0,RPS4X
0,0,RPS5
0,0,RPS6
0,0,RPS7
0,0,RPS9
0,0,RPSA
0,0,RPTOR
0,0,RRBP1
0,0,RREB1
0,0,RRP15
0,0,RRP1B
0,0,RRP8
0,0,RSBN1
0,0,RSBN1L
0,0,RSF1
0,0,SALL1
0,0,SAP130
0,0,SAR1B
0,0,SART1
0,0,SART3
0,0,SATB2
0,0,SBDS
0,0,SCAF1
0,0,SCAF11
0,0,SCAF4
0,0,SCYL2
0,0,SDAD1
0,0,SDCCAG3
0,0,SEC11A
0,0,SEC11A;SEC11B
0,0,SEC11C
0,0,SEC22A
0,0,SEC24B
0,0,SEC61A1
0,0,SEC61A2
0,0,SEC61B
0,0,SEC61G
0,0,SEC62
0,0,SEC63
0,0,SELT
0,0,SENP5
0,0,SEP15
0,0,SERBP1
0,0,SET;SETSIP
0,0,SETD2
0,0,SF3A1
0,0,SF3A2
0,0,SF3B1
0,0,SF3B2
0,0,SF3B4
0,0,SF3B6
0,0,SH3D19
0,0,SHCBP1
0,0,SHKBP1
0,0,SHPRH
0,0,SIN3A
0,0,SIX1;SIX2
0,0,SKIV2L
0,0,SKIV2L2
0,0,SKP1
0,0,SLAIN1
0,0,SLAIN2
0,0,SLC18B1
0,0,SLC2A1
0,0,SLC38A2
0,0,SLC4A1AP
0,0,SLC4A2
0,0,SLIT2
0,0,SLTM
0,0,SMARCA1
0,0,SMARCAL1
0,0,SMEK1
0,0,SMG7
0,0,SMN1
0,0,SMN1;SMN2
0,0,SMNDC1
0,0,SMPD4
0,0,SMU1
0,0,SND1
0,0,SNRNP35
0,0,SNRNP40
0,0,SNRNP70
0,0,SNRPA
0,0,SNRPB
0,0,SNRPB2
0,0,SNRPB;SNRPN
0,0,SNRPC
0,0,SNRPD1
0,0,SNRPD2
0,0,SNRPD3
0,0,SNRPE
0,0,SNRPF
0,0,SNUPN
0,0,SNW1
0,0,SOAT1
0,0,SOGA1
0,0,SON
0,0,SORT1
0,0,SPAST
0,0,SPATA5
0,0,SPATS2L
0,0,SPCS1
0,0,SPCS2
0,0,SPECC1
0,0,SPECC1L;SPECC1L-ADORA2A
0,0,SPIN1;SPIN3
0,0,SPRYD3
0,0,SPTAN1
0,0,SPTY2D1
0,0,SRBD1
0,0,SRP19
0,0,SRP68
0,0,SRP72
0,0,SRPK1
0,0,SRPRA
0,0,SRRM1
0,0,SRRM2
0,0,SRRT
0,0,SRSF10
0,0,SRSF4
0,0,SRSF9
0,0,SSBP1
0,0,SSR1
0,0,SSR3
0,0,SSRP1
0,0,STAU1
0,0,STAU2
0,0,STEAP3
0,0,STRAP
0,0,STRBP
0,0,STT3A
0,0,STT3B
0,0,SUDS3
0,0,SUGP1
0,0,SUGT1
0,0,SUPT16H
0,0,SUPT4H1
0,0,SUPT5H
0,0,SUV39H1
0,0,SUV39H2
0,0,SUZ12
0,0,SVIL
0,0,SYBU
0,0,SYF2
0,0,SYMPK
0,0,SYNCRIP
0,0,TACC1
0,0,TACC2
0,0,TAP1
0,0,TARBP2
0,0,TBCD
0,0,TBL2
0,0,TBL3
0,0,TCF25
0,0,TCP11L2
0,0,TCTEX1D2
0,0,TDP1
0,0,TERF2IP
0,0,TET1
0,0,TET3
0,0,TEX10
0,0,TEX2
0,0,TEX264
0,0,TFIP11
0,0,THOC1
0,0,THOC6
0,0,THRAP3
0,0,TIA1
0,0,TLK1
0,0,TLK2
0,0,TMCO1
0,0,TMED1
0,0,TMED10
0,0,TMED2
0,0,TMED3
0,0,TMED4
0,0,TMED5
0,0,TMEM184C
0,0,TMEM214
0,0,TMEM237
0,0,TMEM258
0,0,TMEM33
0,0,TMEM38B
0,0,TMEM43
0,0,TMUB1
0,0,TMX1
0,0,TMX2
0,0,TMX3
0,0,TNFAIP1
0,0,TONSL
0,0,TOP1
0,0,TOR1AIP1
0,0,TOR1AIP2
0,0,TOX4;TOX3;TOX2;TOX
0,0,TP53BP1
0,0,TPP1
0,0,TPT1
0,0,TPX2
0,0,TRA2A
0,0,TRA2B
0,0,TRIP12
0,0,TRIP4
0,0,TRMT6
0,0,TRPS1
0,0,TTC1
0,0,TTC13
0,0,TTC33
0,0,TTC37
0,0,TTC4
0,0,TTF2
0,0,TUBA1C
0,0,TUBB4B
0,0,TUSC3
0,0,TXN
0,0,TXNL4A
0,0,UBE2G2
0,0,UBE2R2
0,0,UBE3C
0,0,UBE4A
0,0,UBIAD1
0,0,UBN2
0,0,UBQLN1
0,0,UBQLN4
0,0,UBXN4
0,0,UBXN7
0,0,UCHL5
0,0,UFL1
0,0,UGGT1
0,0,UHRF1
0,0,UHRF1BP1L
0,0,USP14
0,0,USP16
0,0,USP19
0,0,USP39
0,0,VAPA
0,0,VAPB
0,0,VBP1
0,0,VCP
0,0,VEZT
0,0,VPS13A
0,0,VPS26A
0,0,VPS26B
0,0,VPS35
0,0,VRK2
0,0,WASH3P;WASH2P;WASH6P;WASH1;WASH4P
0,0,WDR1
0,0,WDR11
0,0,WDR12
0,0,WDR18
0,0,WDR3
0,0,WDR33
0,0,WDR60
0,0,WDR61
0,0,WDR76
0,0,WDR77
0,0,WFS1
0,0,WHSC1
0,0,WLS
0,0,WRB
0,0,WWC1
0,0,WWC2
0,0,XAB2
0,0,XIAP
0,0,XPO1
0,0,XRCC1
0,0,XRCC4
0,0,XRCC5
0,0,XRCC6
0,0,XRN1
0,0,XXYLT1
0,0,YAP1
0,0,YTHDC1
0,0,YTHDC2
0,0,YTHDF3
0,0,YWHAB
0,0,YWHAE
0,0,YWHAG
0,0,YWHAH
0,0,YWHAQ
0,0,YWHAZ
0,0,ZBTB21
0,0,ZC2HC1A
0,0,ZC3H13
0,0,ZC3H15
0,0,ZC3H18
0,0,ZC3HAV1
0,0,ZCCHC17
0,0,ZCCHC8
0,0,ZCRB1
0,0,ZEB1
0,0,ZEB2
0,0,ZFP91-CNTF;ZFP91
0,0,ZFR
0,0,ZHX1
0,0,ZHX2
0,0,ZHX3
0,0,ZMPSTE24
0,0,ZMYM2
0,0,ZMYM3
0,0,ZMYM4
0,0,ZMYM6
0,0,ZMYND8
0,0,ZNF207
0,0,ZNF217
0,0,ZNF22
0,0,ZNF280D
0,0,ZNF318
0,0,ZNF326
0,0,ZNF423
0,0,ZNF516
0,0,ZNF609
0,0,ZNF622
0,0,ZNF687
0,0,ZNF768
0,0,ZNF830
0,0,ZRSR2
1,1,ATP6V1G1;ATP6V1G2-DDX39B;ATP6V1G2
1,1,FAM192A;NIP30
1,1,POGK
1,1,PSME3
1,1,RAB11A
1,1,RAB11FIP5
1,1,RBAK
1,1,SCAMP2
1,1,TRIM28
1,1,WEE1
1,1,ZNF316
1,1,ZNF747
1,1,ZNF8
2,2,ABHD10
2,2,ANKS6
2,2,ARHGAP19
2,2,ASPM
2,2,BSG
2,2,CALM1
2,2,CALM2
2,2,CALM2;CALM3;CALM1
2,2,CALM3
2,2,CALML3
2,2,CAMK1
2,2,CAMK2B
2,2,CAMK2D
2,2,CAMKK1
2,2,CAMKK2
2,2,CCDC8
2,2,CEP290
2,2,CSDE1
2,2,CUL7
2,2,DDX49
2,2,DDX55
2,2,DMAP1
2,2,ESCO1
2,2,GADD45GIP1
2,2,HNRNPA2B1
2,2,IQCB1
2,2,IQGAP3
2,2,KIF1A
2,2,LRCH2
2,2,LRCH3
2,2,LSM14A
2,2,MAP7D3
2,2,MRPL12
2,2,MRPL42
2,2,MRPL53
2,2,MRPS22
2,2,MRPS7
2,2,MYO1C
2,2,MYO1D
2,2,OSTF1
2,2,PHKA1
2,2,PHKA2
2,2,PHKB
2,2,PPP3CA
2,2,PPP3CB
2,2,PPP3CC
2,2,PPP3R1
2,2,RAC1;RAC3
2,2,RCAN1
2,2,SCO1
2,2,SH2B1
2,2,TIGD1
2,2,UBR4
2,2,UNC13B
2,2,YBX1
2,2,ZNF536
3,3,APPL2
3,3,ASNSD1
3,3,BDP1
3,3,BRF1
3,3,CD3EAP
3,3,CPSF3L
3,3,CRCP
3,3,CTDP1
3,3,DDX26B
3,3,GCOM1;GCOM2
3,3,GPN1
3,3,GPN2
3,3,GPN3
3,3,GTF2B
3,3,GTF2F1
3,3,GTF2F2
3,3,INIP
3,3,INTS1
3,3,INTS10
3,3,INTS12
3,3,INTS14
3,3,INTS2
3,3,INTS3
3,3,INTS4
3,3,INTS5
3,3,INTS6
3,3,INTS7
3,3,INTS8
3,3,INTS9
3,3,MAF1
3,3,MRPS36
3,3,NELFA
3,3,NELFB
3,3,NELFCD;TH1L
3,3,NELFE
3,3,PFDN2
3,3,POLR1A
3,3,POLR1B
3,3,POLR2A
3,3,POLR2B
3,3,POLR2C
3,3,POLR2D
3,3,POLR2E
3,3,POLR2F
3,3,POLR2G
3,3,POLR2H
3,3,POLR2I
3,3,POLR2J
3,3,POLR2J3;POLR2J;POLR2J2
3,3,POLR2K
3,3,POLR2L
3,3,POLR3A
3,3,POLR3B
3,3,POLR3C
3,3,POLR3D
3,3,POLR3F
3,3,POLR3G
3,3,POLR3GL
3,3,POLR3H
3,3,POLR3K
3,3,RPAP1
3,3,SUPT6H
3,3,TWISTNB
3,3,URI1
3,3,UXT
3,3,VWA9
4,4,ATPIF1
4,4,CSNK2A2
5,5,ARCN1
5,5,ARF4
5,5,ARF5
5,5,COPB1
5,5,COPB2
5,5,COPG1
5,5,DHRS7
5,5,ERP44
5,5,GRAMD1A
5,5,LMAN2
5,5,NOLC1
5,5,NUDCD1
5,5,SCYL3
5,5,SERPINH1
5,5,WBP11
6,6,ACTR5
6,6,BRD8
6,6,CFDP1
6,6,DPCD
6,6,EPC2
6,6,ING3
6,6,INO80
6,6,INO80C
6,6,KAT5
6,6,NFRKB
6,6,PIH1D1
6,6,RUVBL1
6,6,RUVBL2
6,6,SRCAP
6,6,TANGO6
6,6,VPS72
6,6,YEATS4
6,6,ZNHIT1
7,7,CCNC
7,7,CDK19
7,7,CDK8
7,7,IXL;MED29
7,7,JMJD6
7,7,MED1
7,7,MED10
7,7,MED11
7,7,MED12;TNRC11
7,7,MED12L
7,7,MED13
7,7,MED13L
7,7,MED14
7,7,MED15
7,7,MED16
7,7,MED17
7,7,MED18
7,7,MED19
7,7,MED20
7,7,MED21
7,7,MED22
7,7,MED23
7,7,MED24
7,7,MED25
7,7,MED26
7,7,MED27
7,7,MED28
7,7,MED29
7,7,MED30
7,7,MED31
7,7,MED4
7,7,MED6
7,7,MED7
7,7,MED8
7,7,MED9
8,8,ASS1
8,8,ATP5A1
8,8,PDHB
8,8,PHGDH
8,8,PSMB10
8,8,SFXN1
8,8,UQCRC1
9,9,ATP11C
9,9,ATP9A
9,9,BET1
9,9,ENPP4
9,9,GOSR2
9,9,IGF2R
9,9,LMBRD1
9,9,NAPA
9,9,NAPG
9,9,NSF
9,9,PTTG1IP
9,9,SNAP23
9,9,SNAP29
9,9,STX10
9,9,STX12
9,9,STX16
9,9,STX16;STX16-NPEPL1
9,9,STX6
9,9,STX8
9,9,SYPL1
9,9,VAMP2
9,9,VAMP3
9,9,VAMP3;VAMP2
9,9,VAMP4
9,9,VTI1B
10,10,ATP5J
10,10,CLIP1
10,10,CS
10,10,DLAT
10,10,HEATR3
10,10,IARS2
10,10,IER3IP1
10,10,MTHFD2
10,10,NDUFAF2
10,10,RER1
10,10,TST
10,10,UQCRFS1;UQCRFS1P1
10,10,YIF1B
10,10,YIPF5
11,11,ACTG1
11,11,PFN2
12,12,PUS7
12,12,SSB
13,13,ANAPC1
13,13,ANAPC10
13,13,ANAPC13
13,13,ANAPC16
13,13,ANAPC2
13,13,ANAPC4
13,13,ANAPC5
13,13,ANAPC7
13,13,BUB1B
13,13,BUB3
13,13,CDC16
13,13,CDC20
13,13,CDC23
13,13,CDC26
13,13,CDC27
13,13,DEPDC1B
13,13,FBXO5
13,13,FHOD3
13,13,FZR1
13,13,KIF18A
13,13,KLHL7
13,13,NEK2
13,13,PYCR1
13,13,PYCR2
14,14,HNRNPH1
14,14,MSI2
14,14,UPF1
14,14,UPF2
15,15,FGFR1OP
15,15,IGBP1
15,15,PPME1
15,15,PPP2CA
15,15,PPP2CB
15,15,PPP2R1B
15,15,PPP2R5D
16,16,CCDC22
16,16,CCDC93
16,16,CCDC97
16,16,COMMD1
16,16,COMMD10
16,16,COMMD2
16,16,COMMD3-BMI1;COMMD3;BMI1
16,16,COMMD4
16,16,COMMD5
16,16,COMMD6
16,16,COMMD7
16,16,COMMD8
16,16,COMMD9
16,16,DSCR3
16,16,FAM45A;FAM45B
16,16,RSL1D1
17,17,ATP6AP1
17,17,ATP6V0A1
17,17,ATP6V0A2
17,17,ATP6V0C
17,17,ATP6V0D1
17,17,ATP6V1A
17,17,ATP6V1B2
17,17,ATP6V1C1
17,17,ATP6V1E1
17,17,ATP6V1F
17,17,ATP6V1G1
17,17,ATP6V1H
17,17,CCDC115
17,17,DMXL1
17,17,DMXL2
17,17,ROGDI
17,17,TMEM199
17,17,VMA21
17,17,WDR7
18,18,ACTL6A
18,18,ARID1A
18,18,ARID1B
18,18,BCL7A
18,18,BRD7
18,18,BRD9
18,18,DPF1
18,18,DPF2
18,18,DPF3
18,18,GLTSCR1
18,18,SMARCA2
18,18,SMARCA4
18,18,SMARCB1
18,18,SMARCC1
18,18,SMARCC2
18,18,SMARCD1
18,18,SMARCD2
18,18,SMARCD3
18,18,SMARCE1
18,18,SS18
18,18,SS18L1
19,19,ATXN7L2
19,19,CCDC101
19,19,KAT2B
19,19,PPP4C
19,19,PPP4R2
19,19,RBM5
19,19,SF3A3
19,19,SF3B3
19,19,SF3B5
19,19,SNRPA1
19,19,SUPT20H
19,19,SUPT3H
19,19,SUPT7L
19,19,TADA1
19,19,TADA2B
19,19,TADA3
19,19,TAF5L
19,19,TAF6L
19,19,TAF9
20,20,CASC5
20,20,DSN1
20,20,HSPA4
20,20,MIS12
20,20,NDC80
20,20,NSL1
20,20,NUF2
20,20,PMF1-BGLAP;PMF1
20,20,SPC24
20,20,SPC25
20,20,ZWINT
21,21,GORASP2
21,21,RAB11B
21,21,RAB1A
21,21,RAB21
21,21,RAB5A
21,21,RAB5B
21,21,SCAMP1
21,21,SCAMP3
21,21,SLC30A6
21,21,SLC35E1
21,21,TM9SF3
21,21,TMED7-TICAM2;TMED7
21,21,TMEM165
22,22,HSPB11
22,22,IFT172
22,22,IFT20
22,22,IFT22
22,22,IFT27
22,22,IFT52
22,22,IFT74
22,22,IFT81
22,22,TTC26
22,22,TTC30A;TTC30B
23,23,ATG13
23,23,EMC9
23,23,NCAPD2
23,23,NCAPG
23,23,NCAPH
23,23,PABPC1
23,23,PDZD8
23,23,PRPS1;PRPS1L1
23,23,RPS26;RPS26P11
23,23,SMC4
23,23,SPAG9
23,23,USO1
24,24,CCNH
24,24,CDC7
24,24,CDK7
24,24,ERCC1
24,24,ERCC2
24,24,ERCC3
24,24,ERCC4
24,24,ERCC5-201;BIVM-ERCC5;ERCC5
24,24,GTF2H1
24,24,GTF2H2C
24,24,GTF2H3
24,24,GTF2H4
24,24,GTF2H5
24,24,MNAT1
24,24,RAD23B
24,24,XPA
24,24,XPC
25,25,MZT2B;MZT2A
25,25,NEDD1
25,25,TUBG1
25,25,TUBG1;TUBG2
25,25,TUBGCP2
25,25,TUBGCP3
25,25,TUBGCP4
25,25,UBA1
26,26,KIFC1
26,26,KPNA2
26,26,KPNA3
26,26,KPNB1
26,26,NCBP1
26,26,NUP153
26,26,POM121
26,26,POM121C
26,26,RNMT
27,27,CTTNBP2
27,27,FGFR1OP2
27,27,PDCD10
27,27,PPP2CA;PPP2CB
27,27,PPP2R1A
27,27,SIKE1
27,27,SLMAP
27,27,STK26
27,27,STRIP1
27,27,STRIP2
27,27,STRN
27,27,STRN3
27,27,STRN4
28,28,ATAD1
28,28,CHUK
28,28,IKBKB
28,28,IKBKG
28,28,NFKB1
28,28,NFKB2
28,28,NFKBIA
28,28,NFKBIB
28,28,REL
28,28,RELA
28,28,RELB
29,29,BAG2
29,29,BAG5
29,29,DNAJB1
29,29,DNAJC7
30,30,CCT3
30,30,CCT4
30,30,CCT5
30,30,CCT6A
30,30,CCT8
30,30,IGKC
30,30,MSTO1
30,30,PDCD5
30,30,PDCL
30,30,PDCL3
30,30,PFDN1
30,30,PFDN5
30,30,SSSCA1
30,30,TCP1
30,30,WDR55
31,31,CDCA5
31,31,NIPBL
31,31,PDS5A
31,31,RAD21
31,31,SMC1A
31,31,SMC3
31,31,STAG1
31,31,STAG2
31,31,WAPAL
31,31,WAPL
32,32,CEP55
32,32,HGS
32,32,MVB12A
32,32,MVB12B
32,32,STAM2
32,32,TSG101
32,32,UBAP1
32,32,UMAD1
32,32,VPS28
32,32,VPS37A
32,32,VPS37B
33,33,AKR1C2;AKR1C1
33,33,INPPL1
33,33,NQO1
33,33,PIK3C2A
33,33,TMSB10
33,33,TMSB4X
34,34,SEPT11
34,34,SEPT2
34,34,SEPT7
34,34,SEPT9
35,35,EMG1
35,35,IPO5
35,35,NOC4L
36,36,TRAPPC1
36,36,TRAPPC10
36,36,TRAPPC11
36,36,TRAPPC12;CGI-87
36,36,TRAPPC13
36,36,TRAPPC2
36,36,TRAPPC2B;TRAPPC2
36,36,TRAPPC2L
36,36,TRAPPC3
36,36,TRAPPC5
36,36,TRAPPC6B
36,36,TRAPPC9
37,37,BTAF1
37,37,GTF2A1
37,37,TAF5
37,37,TBP
38,38,ARHGAP15
38,38,BCAP29
38,38,BCAP31
38,38,CYB5A
38,38,HACD3
38,38,MICAL2
38,38,PGRMC1
38,38,SSR4
39,39,ABI2
39,39,CSNK1G3
39,39,CYFIP2
39,39,NCKAP1
39,39,WASF1
39,39,WASF3
40,40,AAK1
40,40,AP2A1
40,40,AP2A2
40,40,AP2B1
40,40,AP2M1
40,40,AP2S1
40,40,BMP2K
40,40,EPS15
40,40,FCHO2
40,40,ITSN1
41,41,NBAS
41,41,RINT1
41,41,RNF25
41,41,SCFD1
41,41,SCFD2
41,41,SEC22B
41,41,STX18
41,41,USE1
41,41,ZW10
42,42,CYB5B
42,42,ENDOD1
42,42,EPHX1
42,42,ESYT1
42,42,RTN4
43,43,CLASRP
43,43,MTA1
43,43,RBBP4
43,43,RBBP7
44,44,GNB1
44,44,GNG12
45,45,COBL
45,45,COBLL1
45,45,MPRIP
45,45,PACSIN2
45,45,PACSIN3
45,45,RAI14
45,45,RHOQ
45,45,TRIOBP
46,46,ARMC8
46,46,GID4
46,46,GID8
46,46,MAEA
46,46,MKLN1
46,46,RANBP10
46,46,RANBP9
46,46,RMND5A
46,46,WDR26
47,47,HOXA10
47,47,IPO7
47,47,RANBP1
48,48,AXIN1
48,48,GSK3A
48,48,GSK3B
48,48,GSKIP
48,48,OGT
48,48,PRUNE
49,49,ANKRD28
49,49,ANKRD44
49,49,ANKRD52
49,49,ARHGEF2
49,49,PPP6C
49,49,PPP6R1
49,49,PPP6R2
49,49,PPP6R3
50,50,HK1
50,50,VDAC1
50,50,VDAC2
50,50,VDAC3
51,51,UBA52
51,51,UBC;UBB;RPS27A;UBA52
52,52,CYB5R3
52,52,GDAP1
52,52,TIMM17B
52,52,TOMM20A
52,52,TOMM22
52,52,TOMM7
53,53,CIRBP
53,53,LUC7L
53,53,TNPO3
54,54,ANP32A
54,54,ANP32B
54,54,ANP32E
54,54,CHD8
54,54,FAM103A1
54,54,KPNA1
54,54,KPNA6
55,55,DNAJC11
55,55,MTX1
56,56,BYSL
56,56,DDX10
56,56,DHX37
56,56,LTV1
56,56,PARN
56,56,RIOK2
56,56,RRP12
56,56,TSR1
56,56,UTP14A
57,57,ARHGEF6
57,57,ARHGEF7
57,57,GIT1
57,57,GIT2
57,57,NCK2
57,57,PAK1
57,57,PAK2
57,57,PAK3
57,57,SCRIB
58,58,BRK1
58,58,CYFIP1
58,58,WASF2
59,59,TGFBRAP1
59,59,VPS11
59,59,VPS16
59,59,VPS18
59,59,VPS33A
59,59,VPS41
59,59,VPS8
60,60,DDX46
60,60,RNF169
60,60,SLC7A6
61,61,EZR
61,61,MSN
61,61,RDX
62,62,MSH2
62,62,MSH6
63,63,ATF2
63,63,ATF7
63,63,JUN
64,64,CIRH1A
64,64,HEATR1
64,64,NOL11
64,64,UTP15
64,64,UTP4
64,64,WDR43
64,64,WDR75
65,65,DNAJB11
65,65,SDF2L1
65,65,SNX1
65,65,SNX2
65,65,SNX5
65,65,SNX6
66,66,ATP1A1
66,66,ATP1B3
66,66,NDRG1
66,66,SLC3A2
66,66,SLC7A5
67,67,HUS1
67,67,RAD1
67,67,RAD9A
67,67,RFC2
67,67,RFC4
67,67,RFC5
68,68,PIK3CB
68,68,PIK3R1
69,69,EFR3A
69,69,EFR3B
69,69,FAM126A
69,69,FAM126B
69,69,PI4KA
69,69,TTC7B
70,70,CDCA8
70,70,EEF1A1;EEF1A1P5
70,70,EEF1B2
70,70,EEF1D
70,70,EEF1G
71,71,SPTLC1
71,71,SPTLC2
72,72,PRRC1
72,72,SEC23A
72,72,SEC23B
72,72,SEC24A
72,72,SEC24D
73,73,PRKAA1
73,73,PRKAB2
73,73,PRKAG1
74,74,DKC1
74,74,NAF1
74,74,NOP10
75,75,LAMTOR2
75,75,LAMTOR3
76,76,GPS2
76,76,HDAC3
76,76,NCOR1
76,76,NCOR2
77,77,ANXA5
77,77,FBL
78,78,CTNNA1
78,78,CTNNB1
78,78,CTNND1
79,79,CDS1
79,79,FASN
79,79,NSDHL
80,80,CCNT1
80,80,CCNT2
80,80,CDK9
80,80,LARP7
80,80,MEPCE
81,81,AKAP10
81,81,ARFGEF1
81,81,ARFGEF2
81,81,DPY30
81,81,MYCBP
82,82,AGO1
82,82,AGO2
82,82,TNRC6A
82,82,TNRC6C
83,83,OXSR1
83,83,WNK1
83,83,WNK2
83,83,WNK3
84,84,UBB
84,84,UBB;UBC;RPS27A;UBA52
85,85,ANXA4
85,85,CCDC117
85,85,HSP90AB4P
85,85,SLC35B2
85,85,STIP1
86,86,DNM1
86,86,DNM2
86,86,DNM3
86,86,SNX9
87,87,RBM4
87,87,RBM4;RBM4B
87,87,SAE1
87,87,UBA2
88,88,FAM98B
88,88,RTCB
89,89,RNF20
89,89,RNF40
89,89,WAC
90,90,AHCYL1
90,90,PIP4K2A
90,90,PIP4K2B
90,90,PIP4K2C
90,90,PIP5K2B
91,91,BLOC1S2
91,91,PIP4P1
92,92,PHAX
92,92,YTHDF2
93,93,FAM109A
93,93,OCRL
94,94,NRBP1
94,94,TSC22D1
94,94,TSC22D2
95,95,MRPS18C
95,95,MYH9
95,95,MYL12B
96,96,DIEXF
96,96,IMP3
96,96,IMP4
96,96,MPHOSPH10
96,96,UTP3
97,97,ILK
97,97,LIMS1
97,97,PARVA
97,97,PARVB
97,97,RSU1
98,98,AGPAT6
98,98,CHP1
98,98,GPAT4
99,99,ATXN2L
99,99,DDX6
99,99,FAM195B
100,100,BLM
100,100,RMI1
100,100,RMI2
101,101,BAG6
101,101,BAG6;BAT3
101,101,GET4
101,101,RNF126
101,101,UBL4A
102,102,ATG101
102,102,ULK1
103,103,ARL6IP1
103,103,REEP5
104,104,RCBTB2
104,104,VRK3
105,105,KIAA0226
105,105,KIAA0226L
105,105,PIK3C3
105,105,UVRAG
106,106,CHD3
106,106,TAF1
106,106,TAF4
106,106,TAF9B
107,107,STK11
107,107,STRADA
108,108,GYG1
108,108,GYG2
108,108,GYS1
108,108,SOX12
109,109,ANKRD39
109,109,CDC25C
109,109,SLC50A1
109,109,SRSF1
110,110,SEPT10
110,110,SEPT6
110,110,SEPT8
111,111,LLGL1
111,111,PARD6B
111,111,PRKCI
112,112,PDPK1
112,112,PDPK1;PDPK2P
113,113,ALDH1A1
113,113,PI4K2A
114,114,ATP5H
114,114,NVL
115,115,MAP3K7
115,115,TAB1
115,115,TAB2
115,115,TAB3
116,116,MAP1LC3B
116,116,MAP1LC3B;MAP1LC3B2;MAP1LC3A
117,117,KIF3A
117,117,KIF3B
117,117,KIF3C
117,117,KIFAP3
118,118,HOMER1
118,118,HOMER2
119,119,ADRBK1
119,119,GRK2
120,120,RAB2A
120,120,RABAC1
120,120,SFT2D3
121,121,DNAJC5
121,121,GDI1
122,122,DOCK7
122,122,LRCH1
123,123,CTBP1
123,123,CTBP2
123,123,HIC2
124,124,CENPH
124,124,CENPM
125,125,CCNB1
125,125,CDC2;CDK1
125,125,CDK1
126,126,AMOT
126,126,CD151
126,126,ITGA6
127,127,CCT2
127,127,CCT7
127,127,RC3H2
127,127,TUBD1
128,128,ACTN2
128,128,NME2;NME1-NME2;NME1
128,128,SUMO3;SUMO2;SUMO4
129,129,ARL14EP
129,129,ATF7IP
129,129,SETDB1
130,130,ARF1
130,130,ARF1;ARF3
130,130,ARF3
131,131,ALDH16A1
131,131,DERA
132,132,RANBP2
132,132,UBE2I
132,132,XPO4
133,133,WASL
133,133,WIPF1
134,134,STX2
134,134,STXBP1
135,135,SNX30
135,135,SNX4
136,136,SNF8
136,136,VPS25
136,136,VPS36
137,137,CLCN7
137,137,OSTM1
137,137,SLC15A4
138,138,UBA5
138,138,UFC1
138,138,UFM1
139,139,RPP30
139,139,TRIM39-RPP21;RPP21
140,140,RNASEH2A
140,140,RNASEH2B
140,140,RNASEH2C
141,141,PRKD1
141,141,PRKD2
141,141,PRKD3
142,142,PEX19
142,142,PEX3
143,143,DNAJA3
143,143,NOMO1
144,144,NOL10
144,144,SRI
144,144,ZNF644
145,145,CAD
145,145,MRTO4
145,145,RPL37A
146,146,MAPK14
146,146,MAPKAPK2
147,147,MAP2K4
147,147,MAPK8
147,147,MAPK9
148,148,LNP
148,148,LNPK
149,149,IPO8
149,149,ZBTB10
150,150,GTF3A
150,150,GTF3C5
151,151,ETF1
151,151,GSPT1
152,152,FTH1
152,152,NCOA4
153,153,ATXN7L3
153,153,TRRAP
153,153,USP22
154,154,CTPS1
154,154,CTPS2
155,155,CSNK1D
155,155,CSNK1E;CSNK1D
155,155,GAPVD1
156,156,DYNC1H1
156,156,DYNLT1
157,157,CDK4
157,157,CDKN2C
158,158,CCNK
158,158,CDK12
159,159,CCZ1B
159,159,CCZ1B;CCZ1
160,160,AGAP1
160,160,AGAP3
160,160,TANC1
